time,S1,S2
0,1.5,0
0.24,1.20860333398112,0.291396666018881
0.48,0.973814372150807,0.526185627849193
0.72,0.784636617113853,0.715363382886147
0.96,0.632209421551369,0.867790578448631
1.2,0.509393449121073,0.990606550878927
1.44,0.41043628450004,1.08956371549996
1.68,0.330703003591549,1.16929699640845
1.92,0.266459084429368,1.23354091557063
2.16,0.214695490829679,1.28530450917032
2.4,0.172987736111532,1.32701226388847
2.64,0.139382325770987,1.36061767422901
2.88,0.112305260326685,1.38769473967332
3.12,0.0904883128278944,1.40951168717211
3.36,0.0729096280496602,1.42709037195034
3.6,0.0587458611638642,1.44125413883614
3.84,0.0473336141769014,1.4526663858231
4.08,0.0381383639061524,1.46186163609385
4.32,0.0307294261537273,1.46927057384627
4.56,0.02475978345744,1.47524021654256
4.8,0.0199498315976512,1.48005016840235
5.04,0.0160742836753011,1.4839257163247
5.28,0.012951617894746,1.48704838210526
5.52,0.0104355758228438,1.48956442417716
5.76,0.00840831189117299,1.49159168810883
6,0.00677487376446227,1.49322512623554
6.24,0.00545875499368472,1.49454124500632
6.48,0.00439831163163274,1.49560168836837
6.72,0.00354387497356749,1.49645612502643
6.96,0.00285542293651536,1.49714457706349
7.2,0.00230071170807503,1.49769928829193
7.44,0.00185376194047569,1.49814623805953
7.68,0.00149363925949306,1.49850636074051
7.92,0.00120347612537913,1.49879652387462
8.16,0.000969681785713862,1.49903031821429
8.4,0.000781305707455566,1.49921869429254
8.64,0.000629524672419466,1.49937047532758
8.88,0.000507229512600707,1.4994927704874
9.12,0.000408692128720441,1.49959130787128
9.36,0.000329297195704643,1.4996707028043
9.6,0.000265325988632182,1.49973467401137
9.84,0.000213782203923738,1.49978621779608
10.08,0.000172251617529437,1.49982774838247
10.32,0.000138789006741141,1.49986121099326
10.56,0.00011182703923753,1.49988817296076
10.8,9.01028618783622e-05,1.49990989713812
11.04,7.25989507906651e-05,1.49992740104921
11.28,5.84954522645537e-05,1.49994150454774
11.52,4.71317821865085e-05,1.49995286821782
11.76,3.79756853922571e-05,1.49996202431461
12,3.05983057314668e-05,1.49996940169427
